{"cameraMode":{"drawMode":0,"name":"Shaded","section":"Shading Mode"},"sceneLighting":true,"audioPlay":false,"sceneViewState":{"m_AlwaysRefresh":false,"showFog":true,"showSkybox":true,"showFlares":true,"showImageEffects":true,"showParticleSystems":true,"showVisualEffectGraphs":true,"m_FxEnabled":true},"in2DMode":false,"pivot":{"x":-0.22940349578857423,"y":-0.35120081901550295,"z":2.750049591064453},"rotation":{"x":-0.08955363929271698,"y":0.7135069966316223,"z":-0.09278063476085663,"w":-0.6886864900588989},"size":4.988916873931885,"orthographic":false}