{"cameraMode":{"drawMode":0,"name":"Shaded","section":"Shading Mode"},"sceneLighting":true,"audioPlay":false,"sceneViewState":{"m_AlwaysRefresh":false,"showFog":true,"showSkybox":true,"showFlares":true,"showImageEffects":true,"showParticleSystems":true,"showVisualEffectGraphs":true,"m_FxEnabled":true},"in2DMode":false,"pivot":{"x":0.044145166873931888,"y":1.333038568496704,"z":9.664942741394043},"rotation":{"x":-0.5684406757354736,"y":0.020233526825904847,"z":-0.013983815908432007,"w":-0.8223720192909241},"size":2.1674697399139406,"orthographic":false}