{"cameraMode":{"drawMode":0,"name":"Shaded","section":"Shading Mode"},"sceneLighting":false,"audioPlay":false,"sceneViewState":{"m_AlwaysRefresh":false,"showFog":true,"showSkybox":false,"showFlares":true,"showImageEffects":true,"showParticleSystems":true,"showVisualEffectGraphs":true,"m_FxEnabled":true},"in2DMode":false,"pivot":{"x":-2.177093267440796,"y":-0.9097800254821777,"z":12.1201753616333},"rotation":{"x":0.14971333742141725,"y":-0.02375638112425804,"z":0.0034566717222332956,"w":0.9884868264198303},"size":9.653205871582032,"orthographic":false}