{"cameraMode":{"drawMode":0,"name":"Shaded","section":"Shading Mode"},"sceneLighting":false,"audioPlay":false,"sceneViewState":{"m_AlwaysRefresh":false,"showFog":true,"showSkybox":false,"showFlares":true,"showImageEffects":true,"showParticleSystems":true,"showVisualEffectGraphs":true,"m_FxEnabled":true},"in2DMode":false,"pivot":{"x":-7.693524360656738,"y":-2.0854032039642336,"z":11.72072982788086},"rotation":{"x":0.14781418442726136,"y":-0.07857190072536469,"z":0.011628188192844391,"w":0.9858760237693787},"size":9.653205871582032,"orthographic":false}